layer,fold,classifier,all false,large false,medium false,small false,sample index,sample true family,sample false family
1,0,dtree,36,6,10,20,"[5, 8, 14, 42, 50, 56, 60, 64, 65, 67, 75, 80, 87, 88, 91, 94, 95, 97, 108, 111, 113, 139, 144, 151, 171, 172, 183, 186, 190, 194, 195, 198, 200, 203, 215, 217]","[5, 8, 8, 15, 23, 24, 24, 28, 29, 31, 32, 35, 42, 43, 46, 49, 50, 52, 54, 57, 59, 67, 72, 79, 90, 91, 93, 96, 100, 104, 105, 108, 110, 113, 125, 127]","[74, 33, 13, 58, 8, 49, 8, 4, 128, 58, 13, 85, 49, 64, 55, 64, 74, 107, 49, 119, 71, 29, 24, 12, 35, 33, 49, 72, 85, 7, 107, 128, 8, 107, 74, 63]"
1,1,dtree,29,4,3,22,"[3, 4, 5, 37, 42, 47, 58, 67, 69, 75, 84, 87, 90, 91, 94, 97, 108, 109, 127, 139, 170, 184, 186, 190, 194, 195, 198, 211, 217]","[3, 4, 5, 13, 15, 20, 24, 31, 32, 32, 39, 42, 45, 46, 49, 52, 54, 55, 64, 67, 89, 94, 96, 100, 104, 105, 108, 121, 127]","[100, 84, 107, 32, 58, 103, 8, 58, 85, 13, 4, 8, 50, 29, 8, 128, 93, 125, 121, 125, 67, 85, 72, 58, 11, 85, 78, 4, 63]"
1,2,dtree,33,4,7,22,"[4, 39, 41, 42, 47, 50, 63, 65, 67, 80, 81, 91, 94, 97, 127, 139, 142, 144, 157, 174, 179, 183, 186, 190, 192, 194, 195, 198, 200, 202, 209, 217, 218]","[4, 13, 14, 15, 20, 23, 27, 29, 31, 35, 36, 46, 49, 52, 64, 67, 70, 72, 85, 91, 91, 93, 96, 100, 102, 104, 105, 108, 110, 112, 119, 127, 128]","[75, 32, 4, 58, 72, 50, 115, 39, 58, 85, 30, 44, 118, 62, 112, 89, 75, 106, 5, 51, 39, 50, 72, 39, 103, 70, 52, 57, 72, 41, 57, 11, 86]"
1,3,dtree,31,6,5,20,"[5, 42, 47, 67, 69, 75, 76, 80, 84, 87, 88, 94, 97, 106, 107, 110, 111, 113, 139, 154, 157, 170, 186, 187, 190, 195, 198, 202, 208, 218, 220]","[5, 15, 20, 31, 32, 32, 32, 35, 39, 42, 43, 49, 52, 53, 53, 56, 57, 59, 67, 82, 85, 89, 96, 97, 100, 105, 108, 112, 118, 128, 130]","[80, 58, 78, 58, 13, 98, 13, 85, 108, 49, 64, 102, 8, 102, 102, 21, 119, 112, 44, 20, 34, 93, 72, 9, 85, 32, 125, 59, 73, 10, 34]"
1,4,dtree,32,5,7,20,"[2, 4, 5, 7, 8, 11, 16, 38, 42, 47, 50, 67, 73, 87, 94, 95, 96, 97, 109, 139, 144, 147, 150, 156, 186, 190, 194, 195, 198, 208, 209, 217]","[2, 4, 5, 7, 8, 8, 8, 13, 15, 20, 23, 31, 32, 42, 49, 50, 51, 52, 55, 67, 72, 75, 78, 84, 96, 100, 104, 105, 108, 118, 119, 127]","[29, 39, 126, 118, 118, 118, 118, 32, 58, 29, 29, 58, 98, 129, 129, 118, 129, 59, 88, 128, 24, 24, 108, 129, 72, 85, 60, 94, 32, 29, 92, 63]"
1,5,dtree,33,8,6,19,"[4, 5, 12, 16, 34, 42, 47, 67, 77, 80, 87, 89, 91, 95, 97, 127, 139, 141, 142, 144, 157, 160, 162, 178, 184, 186, 190, 195, 196, 209, 215, 217, 218]","[4, 5, 8, 8, 13, 15, 20, 31, 32, 35, 42, 44, 46, 50, 52, 64, 67, 69, 70, 72, 85, 85, 85, 91, 94, 96, 100, 105, 106, 119, 125, 127, 128]","[36, 59, 115, 115, 126, 58, 108, 58, 108, 85, 49, 76, 103, 23, 105, 43, 9, 88, 41, 58, 34, 34, 34, 36, 113, 72, 58, 32, 13, 57, 53, 63, 88]"
1,6,dtree,31,4,7,20,"[5, 36, 42, 47, 57, 63, 65, 67, 80, 84, 88, 90, 94, 97, 102, 111, 139, 145, 164, 170, 171, 183, 186, 190, 191, 194, 195, 196, 198, 205, 215]","[5, 13, 15, 20, 24, 27, 29, 31, 35, 39, 43, 45, 49, 52, 53, 57, 67, 73, 85, 89, 90, 93, 96, 100, 101, 104, 105, 106, 108, 115, 125]","[74, 38, 58, 56, 22, 59, 49, 58, 85, 72, 64, 89, 74, 17, 74, 119, 72, 49, 34, 45, 69, 49, 72, 72, 88, 72, 108, 56, 38, 77, 72]"
1,7,dtree,31,3,8,20,"[3, 4, 5, 7, 42, 47, 60, 66, 67, 80, 84, 89, 91, 94, 95, 97, 113, 139, 148, 154, 156, 180, 181, 186, 190, 194, 195, 198, 209, 217, 219]","[3, 4, 5, 7, 15, 20, 24, 30, 31, 35, 39, 44, 46, 49, 50, 52, 59, 67, 76, 82, 84, 91, 91, 96, 100, 104, 105, 108, 119, 127, 129]","[86, 75, 101, 93, 58, 86, 127, 110, 58, 85, 67, 12, 97, 64, 72, 106, 101, 49, 58, 64, 39, 36, 36, 72, 85, 86, 32, 110, 83, 51, 126]"
1,8,dtree,32,6,4,22,"[4, 5, 15, 31, 42, 47, 57, 65, 67, 77, 80, 86, 87, 94, 95, 97, 105, 108, 142, 147, 161, 183, 186, 190, 191, 194, 195, 196, 198, 209, 217, 218]","[4, 5, 8, 13, 15, 20, 24, 29, 31, 32, 35, 41, 42, 49, 50, 52, 53, 54, 70, 75, 85, 93, 96, 100, 101, 104, 105, 106, 108, 119, 127, 128]","[36, 120, 108, 32, 58, 72, 72, 72, 58, 41, 85, 72, 93, 8, 72, 4, 74, 74, 72, 108, 34, 72, 72, 85, 30, 72, 38, 33, 78, 57, 63, 78]"
1,9,dtree,26,5,5,16,"[5, 17, 42, 47, 50, 57, 67, 69, 71, 78, 80, 88, 94, 110, 111, 139, 144, 150, 157, 186, 190, 195, 198, 215, 217, 218]","[5, 8, 15, 20, 23, 24, 31, 32, 32, 33, 35, 43, 49, 56, 57, 67, 72, 78, 85, 96, 100, 105, 108, 125, 127, 128]","[69, 41, 58, 103, 59, 72, 58, 13, 85, 49, 85, 64, 72, 64, 119, 106, 59, 72, 33, 72, 58, 32, 30, 68, 63, 70]"
1,0,knn,24,8,4,12,"[5, 14, 60, 67, 69, 70, 73, 75, 76, 77, 80, 88, 94, 97, 111, 113, 144, 186, 188, 190, 195, 198, 215, 217]","[5, 8, 24, 31, 32, 32, 32, 32, 32, 32, 35, 43, 49, 52, 57, 59, 72, 96, 98, 100, 105, 108, 125, 127]","[50, 13, 8, 15, 13, 13, 13, 13, 13, 13, 32, 64, 64, 64, 119, 27, 24, 72, 32, 85, 52, 76, 50, 63]"
1,1,knn,23,10,2,11,"[5, 47, 58, 67, 68, 69, 71, 72, 73, 75, 76, 94, 109, 158, 163, 184, 186, 188, 190, 195, 198, 209, 217]","[5, 20, 24, 31, 32, 32, 32, 32, 32, 32, 32, 49, 55, 85, 85, 94, 96, 98, 100, 105, 108, 119, 127]","[100, 118, 8, 15, 13, 35, 13, 13, 13, 13, 13, 8, 125, 35, 35, 35, 72, 32, 15, 32, 78, 57, 63]"
1,2,knn,21,4,4,13,"[4, 5, 47, 63, 65, 67, 68, 69, 73, 75, 80, 81, 112, 142, 183, 186, 188, 190, 195, 198, 209]","[4, 5, 20, 27, 29, 31, 32, 32, 32, 32, 35, 36, 58, 70, 93, 96, 98, 100, 105, 108, 119]","[72, 89, 110, 8, 49, 15, 13, 13, 13, 13, 32, 30, 15, 110, 50, 72, 32, 108, 38, 64, 57]"
1,3,knn,20,5,4,11,"[5, 47, 67, 69, 76, 80, 88, 94, 111, 112, 113, 157, 161, 166, 186, 188, 190, 195, 208, 220]","[5, 20, 31, 32, 32, 35, 43, 49, 57, 58, 59, 85, 85, 85, 96, 98, 100, 105, 118, 130]","[53, 43, 15, 13, 13, 32, 64, 20, 119, 15, 12, 34, 32, 32, 72, 32, 85, 32, 59, 94]"
1,4,knn,20,4,2,14,"[4, 5, 47, 67, 69, 76, 77, 112, 127, 144, 150, 161, 186, 188, 190, 195, 198, 208, 209, 217]","[4, 5, 20, 31, 32, 32, 32, 58, 64, 72, 78, 85, 96, 98, 100, 105, 108, 118, 119, 127]","[49, 8, 24, 15, 13, 13, 13, 15, 49, 49, 108, 32, 72, 32, 85, 94, 32, 24, 57, 63]"
1,5,knn,21,7,3,11,"[5, 47, 67, 73, 74, 75, 77, 80, 97, 127, 157, 160, 162, 186, 188, 190, 195, 196, 209, 215, 217]","[5, 20, 31, 32, 32, 32, 32, 35, 52, 64, 85, 85, 85, 96, 98, 100, 105, 106, 119, 125, 127]","[106, 110, 15, 13, 13, 13, 108, 32, 8, 43, 34, 34, 34, 72, 32, 15, 32, 13, 57, 53, 63]"
1,6,knn,24,10,2,12,"[5, 36, 63, 67, 68, 69, 71, 73, 74, 75, 77, 80, 88, 94, 111, 112, 127, 160, 164, 186, 188, 190, 191, 195]","[5, 13, 27, 31, 32, 32, 32, 32, 32, 32, 32, 35, 43, 49, 57, 58, 64, 85, 85, 96, 98, 100, 101, 105]","[93, 8, 8, 15, 13, 13, 13, 13, 13, 13, 13, 32, 64, 93, 119, 15, 49, 32, 34, 72, 32, 85, 106, 130]"
1,7,knn,19,5,4,10,"[5, 47, 67, 77, 80, 84, 94, 95, 113, 148, 158, 159, 160, 165, 186, 188, 190, 195, 209]","[5, 20, 31, 32, 35, 39, 49, 50, 59, 76, 85, 85, 85, 85, 96, 98, 100, 105, 119]","[85, 103, 15, 13, 32, 91, 64, 8, 101, 15, 32, 32, 32, 32, 72, 32, 85, 35, 57]"
1,8,knn,23,7,2,14,"[4, 47, 65, 67, 69, 70, 73, 77, 80, 94, 127, 160, 161, 163, 183, 186, 188, 190, 191, 195, 198, 209, 217]","[4, 20, 29, 31, 32, 32, 32, 32, 35, 49, 64, 85, 85, 85, 93, 96, 98, 100, 101, 105, 108, 119, 127]","[72, 72, 72, 15, 13, 13, 13, 13, 32, 8, 49, 32, 34, 32, 72, 72, 32, 85, 72, 32, 78, 57, 63]"
1,9,knn,21,8,3,10,"[5, 17, 47, 57, 67, 69, 70, 74, 76, 77, 78, 80, 88, 111, 112, 158, 186, 188, 190, 195, 217]","[5, 8, 20, 24, 31, 32, 32, 32, 32, 32, 33, 35, 43, 57, 58, 85, 96, 98, 100, 105, 127]","[125, 130, 103, 72, 15, 13, 13, 13, 13, 13, 72, 85, 64, 119, 15, 32, 72, 32, 15, 32, 63]"
1,0,rf,33,4,7,22,"[5, 6, 14, 42, 47, 50, 56, 60, 67, 75, 80, 86, 88, 91, 94, 95, 97, 108, 111, 113, 139, 142, 144, 153, 186, 190, 192, 194, 195, 198, 200, 202, 217]","[5, 6, 8, 15, 20, 23, 24, 24, 31, 32, 35, 41, 43, 46, 49, 50, 52, 54, 57, 59, 67, 70, 72, 81, 96, 100, 102, 104, 105, 108, 110, 112, 127]","[8, 24, 13, 58, 82, 8, 8, 8, 58, 13, 85, 8, 64, 9, 64, 61, 76, 8, 119, 8, 53, 8, 24, 8, 8, 85, 53, 8, 8, 76, 8, 51, 63]"
1,1,rf,24,4,5,15,"[5, 8, 37, 42, 47, 67, 69, 75, 81, 84, 94, 97, 109, 127, 144, 184, 186, 188, 190, 193, 195, 198, 209, 217]","[5, 8, 13, 15, 20, 31, 32, 32, 36, 39, 49, 52, 55, 64, 72, 94, 96, 98, 100, 103, 105, 108, 119, 127]","[80, 24, 32, 58, 61, 58, 85, 13, 91, 91, 24, 106, 24, 24, 24, 35, 24, 32, 58, 102, 32, 78, 113, 63]"
1,2,rf,24,1,4,19,"[3, 4, 5, 6, 39, 42, 47, 63, 65, 67, 80, 81, 94, 97, 142, 144, 183, 186, 190, 195, 198, 202, 209, 211]","[3, 4, 5, 6, 13, 15, 20, 27, 29, 31, 35, 36, 49, 52, 70, 72, 93, 96, 100, 105, 108, 112, 119, 121]","[9, 36, 89, 87, 32, 58, 9, 8, 49, 58, 85, 30, 24, 106, 9, 80, 50, 9, 91, 10, 56, 9, 57, 8]"
1,3,rf,29,4,4,21,"[5, 42, 47, 67, 69, 75, 76, 80, 88, 94, 97, 108, 111, 113, 139, 144, 151, 157, 169, 186, 190, 194, 195, 198, 208, 210, 217, 218, 220]","[5, 15, 20, 31, 32, 32, 32, 35, 43, 49, 52, 54, 57, 59, 67, 72, 79, 85, 88, 96, 100, 104, 105, 108, 118, 120, 127, 128, 130]","[9, 58, 116, 58, 13, 98, 13, 85, 64, 9, 8, 9, 119, 12, 8, 9, 9, 34, 66, 9, 85, 8, 32, 9, 85, 9, 63, 69, 32]"
1,4,rf,24,2,1,21,"[4, 5, 38, 42, 47, 67, 73, 86, 89, 91, 97, 139, 142, 144, 147, 150, 186, 190, 194, 195, 198, 208, 209, 217]","[4, 5, 13, 15, 20, 31, 32, 41, 44, 46, 52, 67, 70, 72, 75, 78, 96, 100, 104, 105, 108, 118, 119, 127]","[87, 8, 32, 58, 8, 58, 98, 85, 82, 9, 32, 59, 8, 8, 102, 8, 72, 85, 37, 32, 32, 24, 57, 63]"
1,5,rf,27,4,4,19,"[4, 5, 42, 47, 67, 77, 80, 91, 97, 127, 139, 142, 144, 157, 160, 162, 183, 186, 190, 194, 195, 196, 209, 212, 215, 217, 218]","[4, 5, 15, 20, 31, 32, 35, 46, 52, 64, 67, 70, 72, 85, 85, 85, 93, 96, 100, 104, 105, 106, 119, 122, 125, 127, 128]","[84, 18, 58, 116, 58, 108, 85, 8, 8, 43, 9, 99, 8, 34, 34, 34, 8, 8, 58, 73, 32, 13, 57, 8, 53, 63, 69]"
1,6,rf,23,3,3,17,"[5, 6, 36, 39, 42, 47, 67, 80, 88, 94, 108, 111, 139, 142, 145, 164, 186, 188, 190, 191, 195, 196, 217]","[5, 6, 13, 13, 15, 20, 31, 35, 43, 49, 54, 57, 67, 70, 73, 85, 96, 98, 100, 101, 105, 106, 127]","[9, 87, 24, 85, 58, 124, 58, 85, 64, 53, 83, 119, 9, 9, 8, 34, 9, 32, 85, 113, 106, 33, 85]"
1,7,rf,23,1,4,18,"[5, 6, 42, 47, 67, 80, 84, 91, 94, 95, 97, 113, 139, 148, 180, 186, 190, 195, 198, 202, 209, 211, 217]","[5, 6, 15, 20, 31, 35, 39, 46, 49, 50, 52, 59, 67, 76, 91, 96, 100, 105, 108, 112, 119, 121, 127]","[85, 87, 58, 61, 58, 85, 91, 97, 64, 24, 8, 32, 10, 58, 36, 72, 85, 32, 73, 53, 113, 53, 63]"
1,8,rf,25,4,3,18,"[4, 5, 6, 31, 42, 47, 57, 65, 67, 77, 80, 88, 94, 97, 142, 161, 183, 186, 190, 191, 195, 196, 198, 209, 217]","[4, 5, 6, 13, 15, 20, 24, 29, 31, 32, 35, 43, 49, 52, 70, 85, 93, 96, 100, 101, 105, 106, 108, 119, 127]","[36, 118, 9, 32, 58, 8, 9, 8, 58, 13, 85, 8, 8, 32, 8, 34, 8, 8, 85, 30, 111, 85, 78, 57, 63]"
1,9,rf,19,3,3,13,"[4, 5, 17, 42, 47, 57, 67, 69, 78, 80, 88, 97, 111, 144, 186, 190, 195, 198, 217]","[4, 5, 8, 15, 20, 24, 31, 32, 33, 35, 43, 52, 57, 72, 96, 100, 105, 108, 127]","[8, 8, 41, 58, 60, 21, 58, 13, 8, 85, 64, 8, 119, 123, 8, 58, 32, 24, 63]"
1,0,svm,21,3,4,14,"[5, 14, 42, 47, 60, 67, 75, 80, 88, 94, 97, 111, 113, 144, 186, 188, 190, 195, 198, 215, 217]","[5, 8, 15, 20, 24, 31, 32, 35, 43, 49, 52, 57, 59, 72, 96, 98, 100, 105, 108, 125, 127]","[72, 13, 58, 72, 8, 58, 13, 85, 64, 64, 64, 119, 8, 24, 72, 32, 85, 32, 76, 50, 63]"
1,1,svm,21,4,3,14,"[5, 37, 42, 44, 47, 58, 67, 69, 75, 94, 109, 127, 144, 184, 186, 188, 190, 195, 198, 211, 217]","[5, 13, 15, 17, 20, 24, 31, 32, 32, 49, 55, 64, 72, 94, 96, 98, 100, 105, 108, 121, 127]","[85, 32, 58, 130, 108, 8, 58, 85, 13, 8, 53, 12, 24, 35, 8, 32, 58, 32, 78, 12, 63]"
1,2,svm,18,1,3,14,"[4, 5, 39, 42, 47, 63, 65, 67, 80, 81, 142, 183, 186, 188, 190, 195, 198, 217]","[4, 5, 13, 15, 20, 27, 29, 31, 35, 36, 70, 93, 96, 98, 100, 105, 108, 127]","[91, 72, 32, 58, 72, 8, 24, 58, 85, 30, 72, 50, 72, 32, 108, 32, 64, 63]"
1,3,svm,19,3,3,13,"[5, 42, 47, 67, 69, 76, 80, 88, 94, 97, 111, 113, 157, 186, 188, 190, 195, 217, 220]","[5, 15, 20, 31, 32, 32, 35, 43, 49, 52, 57, 59, 85, 96, 98, 100, 105, 127, 130]","[53, 58, 43, 58, 13, 13, 85, 64, 72, 41, 119, 12, 34, 72, 32, 85, 32, 63, 85]"
1,4,svm,16,1,2,13,"[4, 5, 38, 42, 47, 67, 80, 97, 144, 147, 186, 188, 190, 195, 198, 217]","[4, 5, 13, 15, 20, 31, 35, 52, 72, 75, 96, 98, 100, 105, 108, 127]","[49, 8, 32, 58, 108, 58, 32, 108, 49, 72, 72, 32, 85, 32, 32, 63]"
1,5,svm,18,4,3,11,"[5, 42, 47, 67, 77, 80, 97, 127, 157, 160, 162, 186, 188, 190, 195, 196, 215, 217]","[5, 15, 20, 31, 32, 35, 52, 64, 85, 85, 85, 96, 98, 100, 105, 106, 125, 127]","[106, 58, 72, 58, 108, 85, 8, 43, 34, 34, 34, 72, 32, 58, 32, 13, 53, 63]"
1,6,svm,16,2,2,12,"[5, 36, 42, 63, 67, 80, 88, 111, 164, 186, 188, 190, 191, 195, 196, 217]","[5, 13, 15, 27, 31, 35, 43, 57, 85, 96, 98, 100, 101, 105, 106, 127]","[72, 8, 58, 8, 58, 85, 64, 119, 34, 72, 32, 85, 106, 130, 108, 63]"
1,7,svm,15,0,3,12,"[5, 42, 47, 67, 80, 84, 94, 95, 139, 148, 186, 188, 190, 195, 217]","[5, 15, 20, 31, 35, 39, 49, 50, 67, 76, 96, 98, 100, 105, 127]","[59, 58, 103, 58, 85, 91, 64, 8, 89, 58, 72, 32, 85, 32, 63]"
1,8,svm,19,3,3,13,"[4, 31, 42, 47, 65, 67, 77, 80, 94, 161, 183, 186, 188, 190, 191, 195, 196, 198, 217]","[4, 13, 15, 20, 29, 31, 32, 35, 49, 85, 93, 96, 98, 100, 101, 105, 106, 108, 127]","[72, 32, 58, 72, 72, 58, 13, 85, 8, 34, 72, 72, 32, 85, 72, 32, 72, 78, 63]"
1,9,svm,15,2,2,11,"[5, 17, 42, 47, 67, 69, 78, 80, 88, 111, 186, 188, 190, 195, 217]","[5, 8, 15, 20, 31, 32, 33, 35, 43, 57, 96, 98, 100, 105, 127]","[125, 130, 58, 103, 58, 13, 72, 85, 64, 119, 72, 32, 58, 32, 63]"
2,0,dtree,19,2,3,14,"[28, 42, 47, 60, 67, 75, 80, 88, 94, 108, 111, 144, 184, 186, 190, 194, 195, 202, 217]","[10, 15, 20, 24, 31, 32, 35, 43, 49, 54, 57, 72, 94, 96, 100, 104, 105, 112, 127]","[53, 58, 9, 52, 58, 13, 85, 64, 64, 102, 119, 52, 18, 72, 85, 74, 42, 0, 63]"
2,1,dtree,18,4,2,12,"[37, 42, 47, 58, 67, 69, 75, 94, 139, 140, 184, 186, 190, 193, 194, 198, 209, 217]","[13, 15, 20, 24, 31, 32, 32, 49, 67, 68, 94, 96, 100, 103, 104, 108, 119, 127]","[32, 58, 116, 66, 58, 85, 13, 9, 59, 97, 105, 72, 58, 102, 16, 78, 67, 63]"
2,2,dtree,13,1,2,10,"[39, 42, 47, 67, 80, 81, 97, 139, 186, 190, 195, 209, 218]","[13, 15, 20, 31, 35, 36, 52, 67, 96, 100, 105, 119, 128]","[32, 58, 8, 58, 85, 30, 59, 55, 72, 126, 119, 57, 59]"
2,3,dtree,15,4,3,8,"[42, 67, 69, 75, 76, 80, 88, 111, 157, 170, 186, 190, 195, 196, 218]","[15, 31, 32, 32, 32, 35, 43, 57, 85, 89, 96, 100, 105, 106, 128]","[58, 58, 13, 98, 13, 85, 64, 119, 34, 10, 72, 85, 107, 13, 86]"
2,4,dtree,14,2,1,11,"[29, 38, 42, 67, 73, 97, 150, 186, 190, 195, 198, 209, 211, 217]","[11, 13, 15, 31, 32, 52, 78, 96, 100, 105, 108, 119, 121, 127]","[47, 32, 58, 58, 98, 105, 108, 72, 85, 48, 32, 43, 112, 63]"
2,5,dtree,23,4,2,17,"[6, 28, 42, 47, 67, 77, 80, 87, 89, 94, 112, 127, 139, 142, 157, 160, 162, 186, 190, 195, 209, 211, 217]","[6, 10, 15, 20, 31, 32, 35, 42, 44, 49, 58, 64, 67, 70, 85, 85, 85, 96, 100, 105, 119, 121, 127]","[92, 2, 58, 1, 58, 108, 85, 67, 130, 0, 95, 43, 68, 49, 34, 34, 34, 72, 58, 85, 57, 79, 63]"
2,6,dtree,19,3,4,12,"[36, 39, 42, 47, 63, 64, 67, 80, 88, 111, 139, 145, 164, 186, 190, 195, 196, 215, 218]","[13, 13, 15, 20, 27, 28, 31, 35, 43, 57, 67, 73, 85, 96, 100, 105, 106, 125, 128]","[32, 5, 58, 77, 128, 95, 58, 85, 64, 119, 12, 8, 34, 72, 48, 38, 61, 30, 102]"
2,7,dtree,15,0,3,12,"[42, 47, 67, 80, 84, 94, 113, 139, 140, 148, 186, 190, 195, 202, 209]","[15, 20, 31, 35, 39, 49, 59, 67, 68, 76, 96, 100, 105, 112, 119]","[58, 10, 58, 85, 7, 64, 69, 91, 118, 58, 72, 85, 3, 8, 130]"
2,8,dtree,20,3,4,13,"[5, 28, 31, 42, 47, 65, 67, 80, 94, 95, 97, 161, 181, 186, 190, 193, 195, 198, 209, 217]","[5, 10, 13, 15, 20, 29, 31, 35, 49, 50, 52, 85, 91, 96, 100, 103, 105, 108, 119, 127]","[79, 91, 32, 58, 53, 76, 58, 85, 22, 6, 78, 34, 49, 72, 85, 102, 94, 78, 57, 63]"
2,9,dtree,16,2,2,12,"[17, 42, 47, 67, 69, 78, 80, 88, 94, 111, 139, 150, 186, 190, 195, 217]","[8, 15, 20, 31, 32, 33, 35, 43, 49, 57, 67, 78, 96, 100, 105, 127]","[50, 58, 51, 58, 13, 74, 85, 64, 72, 119, 91, 42, 72, 58, 62, 63]"
2,0,knn,18,7,2,9,"[47, 60, 67, 69, 70, 73, 75, 76, 77, 80, 88, 94, 111, 144, 186, 188, 190, 217]","[20, 24, 31, 32, 32, 32, 32, 32, 32, 35, 43, 49, 57, 72, 96, 98, 100, 127]","[49, 72, 15, 13, 13, 13, 13, 13, 13, 32, 64, 64, 119, 24, 72, 32, 85, 63]"
2,1,knn,16,8,0,8,"[67, 68, 69, 71, 72, 73, 75, 76, 94, 158, 186, 188, 190, 198, 209, 217]","[31, 32, 32, 32, 32, 32, 32, 32, 49, 85, 96, 98, 100, 108, 119, 127]","[15, 13, 35, 13, 13, 13, 13, 13, 9, 35, 72, 32, 15, 78, 57, 63]"
2,2,knn,13,4,3,6,"[47, 67, 68, 69, 73, 75, 80, 81, 112, 186, 188, 190, 209]","[20, 31, 32, 32, 32, 32, 35, 36, 58, 96, 98, 100, 119]","[49, 15, 13, 13, 13, 13, 32, 30, 15, 72, 32, 118, 57]"
2,3,knn,14,5,2,7,"[67, 69, 76, 80, 88, 111, 112, 157, 161, 166, 186, 188, 190, 195]","[31, 32, 32, 35, 43, 57, 58, 85, 85, 85, 96, 98, 100, 105]","[15, 13, 13, 32, 64, 119, 15, 34, 32, 32, 72, 32, 85, 48]"
2,4,knn,14,4,1,9,"[67, 69, 76, 77, 112, 127, 150, 161, 186, 188, 190, 198, 209, 217]","[31, 32, 32, 32, 58, 64, 78, 85, 96, 98, 100, 108, 119, 127]","[15, 13, 13, 13, 15, 49, 108, 32, 72, 32, 85, 32, 57, 63]"
2,5,knn,16,7,1,8,"[67, 73, 74, 75, 77, 80, 127, 157, 160, 162, 186, 188, 190, 195, 209, 217]","[31, 32, 32, 32, 32, 35, 64, 85, 85, 85, 96, 98, 100, 105, 119, 127]","[15, 13, 13, 13, 108, 32, 43, 34, 34, 34, 72, 32, 15, 48, 57, 63]"
2,6,knn,18,9,2,7,"[67, 68, 69, 71, 73, 74, 75, 77, 80, 88, 111, 112, 127, 160, 164, 186, 188, 190]","[31, 32, 32, 32, 32, 32, 32, 32, 35, 43, 57, 58, 64, 85, 85, 96, 98, 100]","[15, 13, 13, 13, 13, 13, 13, 13, 32, 64, 119, 15, 49, 32, 34, 72, 32, 15]"
2,7,knn,11,3,2,6,"[67, 77, 80, 94, 148, 160, 165, 186, 188, 190, 209]","[31, 32, 35, 49, 76, 85, 85, 96, 98, 100, 119]","[15, 13, 32, 64, 15, 32, 32, 72, 32, 85, 57]"
2,8,knn,15,6,1,8,"[67, 69, 70, 73, 80, 127, 160, 161, 163, 186, 188, 190, 198, 209, 217]","[31, 32, 32, 32, 35, 64, 85, 85, 85, 96, 98, 100, 108, 119, 127]","[15, 13, 13, 13, 32, 49, 32, 34, 32, 72, 32, 85, 78, 57, 63]"
2,9,knn,16,6,2,8,"[67, 69, 70, 74, 76, 77, 80, 88, 111, 112, 158, 186, 188, 190, 195, 217]","[31, 32, 32, 32, 32, 32, 35, 43, 57, 58, 85, 96, 98, 100, 105, 127]","[15, 13, 13, 13, 13, 13, 27, 64, 119, 15, 32, 72, 32, 15, 94, 63]"
2,0,rf,14,2,2,10,"[42, 47, 60, 67, 75, 80, 88, 94, 111, 144, 186, 190, 195, 217]","[15, 20, 24, 31, 32, 35, 43, 49, 57, 72, 96, 100, 105, 127]","[58, 89, 27, 58, 13, 85, 64, 64, 119, 24, 72, 85, 48, 63]"
2,1,rf,10,3,0,7,"[37, 42, 67, 69, 75, 94, 186, 190, 198, 217]","[13, 15, 31, 32, 32, 49, 96, 100, 108, 127]","[32, 58, 58, 85, 13, 9, 72, 58, 78, 63]"
2,2,rf,10,1,2,7,"[39, 42, 47, 67, 80, 81, 186, 190, 195, 209]","[13, 15, 20, 31, 35, 36, 96, 100, 105, 119]","[32, 58, 49, 58, 85, 30, 72, 75, 130, 57]"
2,3,rf,12,4,1,7,"[42, 67, 69, 75, 76, 80, 88, 111, 157, 186, 190, 195]","[15, 31, 32, 32, 32, 35, 43, 57, 85, 96, 100, 105]","[58, 58, 13, 98, 13, 85, 64, 119, 34, 72, 85, 48]"
2,4,rf,9,2,0,7,"[38, 42, 67, 73, 150, 186, 190, 198, 217]","[13, 15, 31, 32, 78, 96, 100, 108, 127]","[32, 58, 58, 98, 108, 72, 85, 32, 63]"
2,5,rf,13,4,1,8,"[42, 47, 67, 77, 80, 127, 157, 160, 162, 186, 190, 195, 217]","[15, 20, 31, 32, 35, 64, 85, 85, 85, 96, 100, 105, 127]","[58, 108, 58, 108, 85, 43, 34, 34, 34, 72, 58, 35, 63]"
2,6,rf,10,1,1,8,"[42, 47, 67, 80, 88, 111, 164, 186, 190, 195]","[15, 20, 31, 35, 43, 57, 85, 96, 100, 105]","[58, 72, 58, 85, 64, 119, 34, 72, 62, 64]"
2,7,rf,9,0,2,7,"[42, 47, 67, 80, 94, 148, 186, 190, 209]","[15, 20, 31, 35, 49, 76, 96, 100, 119]","[58, 116, 58, 85, 64, 58, 72, 85, 57]"
2,8,rf,11,2,1,8,"[31, 42, 67, 80, 161, 186, 190, 195, 198, 209, 217]","[13, 15, 31, 35, 85, 96, 100, 105, 108, 119, 127]","[32, 58, 58, 85, 34, 72, 85, 33, 78, 57, 63]"
2,9,rf,11,1,1,9,"[42, 47, 67, 69, 80, 88, 111, 186, 190, 195, 217]","[15, 20, 31, 32, 35, 43, 57, 96, 100, 105, 127]","[58, 51, 58, 13, 27, 64, 119, 72, 58, 78, 63]"
2,0,svm,14,2,2,10,"[42, 47, 60, 67, 75, 80, 88, 94, 111, 144, 186, 188, 190, 217]","[15, 20, 24, 31, 32, 35, 43, 49, 57, 72, 96, 98, 100, 127]","[58, 49, 72, 58, 13, 85, 64, 64, 119, 24, 72, 32, 85, 63]"
2,1,svm,11,3,0,8,"[37, 42, 67, 69, 75, 94, 186, 188, 190, 198, 217]","[13, 15, 31, 32, 32, 49, 96, 98, 100, 108, 127]","[32, 58, 58, 85, 13, 9, 72, 32, 58, 78, 63]"
2,2,svm,11,1,2,8,"[39, 42, 47, 67, 80, 81, 186, 188, 190, 195, 217]","[13, 15, 20, 31, 35, 36, 96, 98, 100, 105, 127]","[32, 58, 49, 58, 85, 30, 72, 32, 58, 78, 63]"
2,3,svm,13,3,1,9,"[42, 67, 69, 76, 80, 88, 111, 157, 186, 188, 190, 195, 217]","[15, 31, 32, 32, 35, 43, 57, 85, 96, 98, 100, 105, 127]","[58, 58, 13, 13, 85, 64, 119, 34, 72, 32, 85, 48, 63]"
2,4,svm,8,1,0,7,"[38, 42, 67, 186, 188, 190, 198, 217]","[13, 15, 31, 96, 98, 100, 108, 127]","[32, 58, 58, 72, 32, 85, 32, 63]"
2,5,svm,14,4,1,9,"[42, 47, 67, 77, 80, 127, 157, 160, 162, 186, 188, 190, 195, 217]","[15, 20, 31, 32, 35, 64, 85, 85, 85, 96, 98, 100, 105, 127]","[58, 108, 58, 108, 85, 43, 34, 34, 34, 72, 32, 58, 48, 63]"
2,6,svm,9,1,1,7,"[42, 67, 80, 88, 111, 164, 186, 188, 190]","[15, 31, 35, 43, 57, 85, 96, 98, 100]","[58, 58, 85, 64, 119, 34, 72, 32, 58]"
2,7,svm,9,0,2,7,"[42, 67, 80, 94, 148, 186, 188, 190, 217]","[15, 31, 35, 49, 76, 96, 98, 100, 127]","[58, 58, 85, 64, 58, 72, 32, 85, 63]"
2,8,svm,11,2,2,7,"[31, 42, 67, 80, 144, 161, 186, 188, 190, 198, 217]","[13, 15, 31, 35, 72, 85, 96, 98, 100, 108, 127]","[32, 58, 58, 85, 28, 34, 72, 32, 85, 78, 63]"
2,9,svm,11,1,1,9,"[42, 67, 69, 80, 88, 111, 186, 188, 190, 195, 217]","[15, 31, 32, 35, 43, 57, 96, 98, 100, 105, 127]","[58, 58, 13, 27, 64, 119, 72, 32, 58, 94, 63]"
